Tano_in,RHano_in,Pano_in,STC_ano,XH2_dry,Tcat_in,RHcat_in,Pcat_in,STC_cat,TCL_in,TCL_out,I,pred_sa,pred_ua,pred_lambda_airin
℃,-,bar,-,-,℃,-,bar,-,℃,℃,A,-,m/s,-
58.3,0.54,1.495,2.348,0.936,49.8,0.17,1.238,2.552,51.2,54.1,83.1,0.009928036481142044,1.7370061874389648,5.263000011444092
58.3,0.54,1.495,2.348,0.936,49.8,0.17,1.238,2.2,51.2,54.1,83.1,0.017571549862623215,1.8462014198303223,6.267615795135498
58.3,0.54,1.495,2.348,0.936,49.8,0.17,1.238,1.9,51.2,54.1,83.1,0.024117333814501762,1.9503169059753418,6.868577480316162
58.3,0.54,1.495,2.348,0.936,49.8,0.17,1.238,1.693,51.2,54.1,83.1,0.028024010360240936,2.01129412651062,7.200875282287598
58.3,0.54,1.495,2.348,0.936,49.8,0.17,1.238,1.6,51.2,54.1,83.1,0.029575452208518982,2.0341176986694336,7.334377765655518
58.3,0.54,1.495,2.348,0.936,49.8,0.17,1.238,2.552,51.2,54.1,83.1,0.009928036481142044,1.7370061874389648,5.263000011444092
58.3,0.54,1.495,2.348,0.936,49.8,0.17,1.238,2.552,54.2,57.1,83.1,0.0013658562675118446,1.73089599609375,3.61838960647583
58.3,0.54,1.495,2.348,0.936,49.8,0.17,1.238,2.552,57.4,60.3,83.1,0.0,1.690352439880371,2.47318696975708
58.3,0.54,1.495,2.348,0.936,49.8,0.17,1.238,2.552,60.4,63.3,83.1,0.00011365395039319992,1.7393724918365479,2.1596310138702393
58.3,0.54,1.495,2.348,0.936,49.8,0.17,1.238,2.552,63.4,66.3,83.1,0.0001974320039153099,1.8509223461151123,2.0431082248687744
58.3,0.54,1.495,2.348,0.936,49.8,0.17,1.238,2.552,51.2,54.1,83.1,0.009928036481142044,1.7370061874389648,5.263000011444092
58.3,0.54,1.495,2.63,0.936,49.8,0.17,1.238,2.552,51.2,54.1,83.1,0.008824584074318409,2.026169538497925,5.233737945556641
58.3,0.54,1.495,2.9,0.936,49.8,0.17,1.238,2.552,51.2,54.1,83.1,0.00798331294208765,2.3132338523864746,5.243931293487549
58.3,0.54,1.495,3.2,0.936,49.8,0.17,1.238,2.552,51.2,54.1,83.1,0.0071920170448720455,2.6514434814453125,5.31254768371582
58.3,0.54,1.495,3.5,0.936,49.8,0.17,1.238,2.552,51.2,54.1,83.1,0.006543302442878485,3.0300045013427734,5.457854270935059
58.3,0.54,1.295,2.348,0.936,49.8,0.17,1.038,2.552,51.2,54.1,83.1,0.003459240309894085,2.0344457626342773,4.015358924865723
58.3,0.54,1.395,2.348,0.936,49.8,0.17,1.138,2.552,51.2,54.1,83.1,0.0064359442330896854,1.877694845199585,4.659493923187256
58.3,0.54,1.495,2.348,0.936,49.8,0.17,1.238,2.552,51.2,54.1,83.1,0.009928036481142044,1.7370061874389648,5.263000011444092
58.3,0.54,1.595,2.348,0.936,49.8,0.17,1.338,2.552,51.2,54.1,83.1,0.013511420227587223,1.6229631900787354,5.7527756690979
58.3,0.54,1.695,2.348,0.936,49.8,0.17,1.438,2.552,51.2,54.1,83.1,0.01676301844418049,1.5356040000915527,6.123995304107666
58.3,0.54,1.495,2.348,0.936,49.8,0.0,1.238,2.552,51.2,54.1,83.1,0.001274910755455494,1.632493019104004,3.2810232639312744
58.3,0.54,1.495,2.348,0.936,49.8,0.17,1.238,2.552,51.2,54.1,83.1,0.009928036481142044,1.7370061874389648,5.263000011444092
58.3,0.54,1.495,2.348,0.936,49.8,0.35,1.238,2.552,51.2,54.1,83.1,0.021665310487151146,1.8552095890045166,6.802499294281006
58.3,0.54,1.495,2.348,0.936,49.8,0.55,1.238,2.552,51.2,54.1,83.1,0.03278951719403267,1.9270758628845215,8.227676391601562
58.3,0.54,1.495,2.348,0.936,49.8,0.75,1.238,2.552,51.2,54.1,83.1,0.039561677724123,2.0259644985198975,9.583316802978516
64.3,0.51,2.072,1.805,0.944,58.6,0.16,1.601,1.706,60.1,69.3,300.8,0.04533176124095917,3.26916766166687,7.000476360321045
64.3,0.51,2.27,1.805,0.944,58.6,0.16,1.8,1.706,60.1,69.3,300.8,0.04905712604522705,3.0239756107330322,7.330463409423828
64.3,0.51,2.402,1.805,0.944,58.6,0.16,1.932,1.706,60.1,69.3,300.8,0.05061471462249756,2.9081368446350098,7.505623817443848
64.3,0.51,2.47,1.805,0.944,58.6,0.16,2.0,1.706,60.1,69.3,300.8,0.05122740566730499,2.8630893230438232,7.583118438720703
64.3,0.51,2.67,1.805,0.944,58.6,0.16,2.2,1.706,60.1,69.3,300.8,0.05251070111989975,2.787132501602173,7.763581275939941
64.3,0.51,2.072,1.805,0.944,58.6,0.16,1.601,1.706,57.1,66.3,300.8,0.050843726843595505,3.2586116790771484,7.445450782775879
64.3,0.51,2.072,1.805,0.944,58.6,0.16,1.601,1.706,60.1,69.3,300.8,0.04533176124095917,3.26916766166687,7.000476360321045
64.3,0.51,2.072,1.805,0.944,58.6,0.16,1.601,1.706,63.4,72.6,300.8,0.03405487909913063,3.2395553588867188,6.43422794342041
64.3,0.51,2.072,1.805,0.944,58.6,0.16,1.601,1.706,66.4,75.6,300.8,0.020013973116874695,3.087233066558838,5.703769207000732
64.3,0.51,2.072,1.805,0.944,58.6,0.16,1.601,1.706,69.4,78.6,300.8,0.004659468308091164,3.0432329177856445,4.230169773101807
64.3,0.51,2.072,1.6,0.944,58.6,0.16,1.601,1.706,60.1,69.3,300.8,0.04933799058198929,2.7398784160614014,7.0316853523254395
64.3,0.51,2.072,1.805,0.944,58.6,0.16,1.601,1.706,60.1,69.3,300.8,0.04533176124095917,3.26916766166687,7.000476360321045
64.3,0.51,2.072,2.0,0.944,58.6,0.16,1.601,1.706,60.1,69.3,300.8,0.04197540506720543,3.8674449920654297,6.993831634521484
64.3,0.51,2.072,2.155,0.944,58.6,0.16,1.601,1.706,60.1,69.3,300.8,0.039630234241485596,4.376107215881348,6.995156288146973
64.3,0.51,2.072,2.4,0.944,58.6,0.16,1.601,1.706,60.1,69.3,300.8,0.03661597520112991,5.187709331512451,7.007489204406738
64.3,0.51,2.072,1.805,0.944,58.6,0.16,1.601,1.6,60.1,69.3,300.8,0.046910613775253296,3.2853803634643555,7.023409843444824
64.3,0.51,2.072,1.805,0.944,58.6,0.16,1.601,1.706,60.1,69.3,300.8,0.04533176124095917,3.26916766166687,7.000476360321045
64.3,0.51,2.072,1.805,0.944,58.6,0.16,1.601,1.8,60.1,69.3,300.8,0.04375609755516052,3.254197597503662,6.974289894104004
64.3,0.51,2.072,1.805,0.944,58.6,0.16,1.601,1.9,60.1,69.3,300.8,0.04188532382249832,3.237727642059326,6.939718246459961
64.3,0.51,2.072,1.805,0.944,58.6,0.16,1.601,2.0,60.1,69.3,300.8,0.03980236500501633,3.2207536697387695,6.89761209487915
64.3,0.51,2.072,1.805,0.944,58.6,0.0,1.601,1.706,60.1,69.3,300.8,0.03553993999958038,3.0372848510742188,5.963717460632324
64.3,0.51,2.072,1.805,0.944,58.6,0.16,1.601,1.706,60.1,69.3,300.8,0.04533176124095917,3.26916766166687,7.000476360321045
64.3,0.51,2.072,1.805,0.944,58.6,0.35,1.601,1.706,60.1,69.3,300.8,0.04962604120373726,3.442378520965576,7.892676830291748
64.3,0.51,2.072,1.805,0.944,58.6,0.55,1.601,1.706,60.1,69.3,300.8,0.05300619825720787,3.4985194206237793,8.676614761352539
64.3,0.51,2.072,1.805,0.944,58.6,0.75,1.601,1.706,60.1,69.3,300.8,0.05581127852201462,3.570523262023926,9.538991928100586
66.9,0.53,2.17,1.689,0.94,64.5,0.15,1.6,1.687,67.1,77.2,480.8,0.029304660856723785,4.594542980194092,6.456984519958496
66.9,0.53,2.362,1.689,0.94,64.5,0.15,1.792,1.687,67.1,77.2,480.8,0.03409736230969429,4.4110636711120605,6.53817081451416
66.9,0.53,2.57,1.689,0.94,64.5,0.15,2.0,1.687,67.1,77.2,480.8,0.04169788584113121,4.221569061279297,6.741936206817627
66.9,0.53,2.77,1.689,0.94,64.5,0.15,2.2,1.687,67.1,77.2,480.8,0.0469454750418663,4.071954727172852,6.892239570617676
66.9,0.53,2.97,1.689,0.94,64.5,0.15,2.4,1.687,67.1,77.2,480.8,0.05058199167251587,3.960421562194824,6.9806060791015625
66.9,0.53,2.362,1.689,0.94,64.5,0.15,1.792,1.687,55.4,65.4,480.8,0.0633191242814064,4.27818489074707,8.398412704467773
66.9,0.53,2.362,1.689,0.94,64.5,0.15,1.792,1.687,59.4,69.4,480.8,0.05818680301308632,4.373106479644775,7.8220014572143555
66.9,0.53,2.362,1.689,0.94,64.5,0.15,1.792,1.687,63.4,73.4,480.8,0.04959992319345474,4.439391613006592,7.168434143066406
66.9,0.53,2.362,1.689,0.94,64.5,0.15,1.792,1.687,67.1,77.2,480.8,0.03409736230969429,4.4110636711120605,6.53817081451416
66.9,0.53,2.362,1.689,0.94,64.5,0.15,1.792,1.687,71.1,81.2,480.8,0.015030506998300552,4.269153118133545,6.039401054382324
66.9,0.53,2.362,1.689,0.94,64.5,0.15,1.792,1.687,67.1,77.2,480.8,0.03409736230969429,4.4110636711120605,6.53817081451416
66.9,0.53,2.362,1.869,0.94,64.5,0.15,1.792,1.687,67.1,77.2,480.8,0.03069421648979187,5.058406352996826,6.53341817855835
66.9,0.53,2.362,2.0,0.94,64.5,0.15,1.792,1.687,67.1,77.2,480.8,0.028926461935043335,5.592226505279541,6.547603607177734
66.9,0.53,2.362,2.2,0.94,64.5,0.15,1.792,1.687,67.1,77.2,480.8,0.026362184435129166,6.507254600524902,6.567142486572266
66.9,0.53,2.362,2.4,0.94,64.5,0.15,1.792,1.687,67.1,77.2,480.8,0.02405358850955963,7.493760585784912,6.578158855438232
66.9,0.53,2.362,1.689,0.94,64.5,0.15,1.792,1.6,67.1,77.2,480.8,0.036271389573812485,4.431360721588135,6.5567545890808105
66.9,0.53,2.362,1.689,0.94,64.5,0.15,1.792,1.687,67.1,77.2,480.8,0.03409736230969429,4.4110636711120605,6.53817081451416
66.9,0.53,2.362,1.689,0.94,64.5,0.15,1.792,1.8,67.1,77.2,480.8,0.034343503415584564,4.35627555847168,6.651266098022461
66.9,0.53,2.362,1.689,0.94,64.5,0.15,1.792,1.9,67.1,77.2,480.8,0.03220508620142937,4.302822589874268,6.650789737701416
66.9,0.53,2.362,1.689,0.94,64.5,0.15,1.792,2.0,67.1,77.2,480.8,0.02854899689555168,4.248667240142822,6.574774742126465
66.9,0.53,2.362,1.689,0.94,64.5,0.0,1.792,1.687,67.1,77.2,480.8,0.02304821088910103,4.251546382904053,6.121411323547363
66.9,0.53,2.362,1.689,0.94,64.5,0.15,1.792,1.687,67.1,77.2,480.8,0.03409736230969429,4.4110636711120605,6.53817081451416
66.9,0.53,2.362,1.689,0.94,64.5,0.35,1.792,1.687,67.1,77.2,480.8,0.04574088752269745,4.598910808563232,7.415421485900879
66.9,0.53,2.362,1.689,0.94,64.5,0.55,1.792,1.687,67.1,77.2,480.8,0.05164314806461334,4.7055253982543945,8.272174835205078
66.9,0.53,2.362,1.689,0.94,64.5,0.75,1.792,1.687,67.1,77.2,480.8,0.05587434768676758,4.8211565017700195,9.146060943603516
